customer_id,time_step,age,income,claim_history,competitor_price,score,reasoning
0,0,60.0,96216.0602463489,9,0.7916798479232057,0.16711832758750755,"Segment: old_high_income, price sensitivity: 0.40; Competitor price adjustment: 0.32; Final price calculated: 1.32; Estimated profit margin: 0.84"
0,1,60.083333333333336,96962.89650704121,9,1.127542545642472,0.19324050714435653,"Segment: old_high_income, price sensitivity: 0.40; Competitor price adjustment: 0.45; Final price calculated: 1.45; Estimated profit margin: 0.97"
0,2,60.16666666666667,99607.1239991034,9,1.1298670519022798,0.19078224015307899,"Segment: old_high_income, price sensitivity: 0.40; Competitor price adjustment: 0.45; Final price calculated: 1.45; Estimated profit margin: 0.95"
0,3,60.25000000000001,101294.72227064542,9,1.0729456548813583,0.18454093011986322,"Segment: old_high_income, price sensitivity: 0.40; Competitor price adjustment: 0.43; Final price calculated: 1.43; Estimated profit margin: 0.92"
0,4,60.33333333333334,102455.40208872531,9,1.083314711009009,0.1842097747919954,"Segment: old_high_income, price sensitivity: 0.40; Competitor price adjustment: 0.43; Final price calculated: 1.43; Estimated profit margin: 0.92"
0,5,60.41666666666668,106532.99343266796,9,0.8722462601453143,0.16324670737895716,"Segment: old_high_income, price sensitivity: 0.40; Competitor price adjustment: 0.35; Final price calculated: 1.35; Estimated profit margin: 0.82"
0,6,60.500000000000014,109453.28824693452,9,1.0103051298267278,0.17137112213920372,"Segment: old_high_income, price sensitivity: 0.40; Competitor price adjustment: 0.40; Final price calculated: 1.40; Estimated profit margin: 0.86"
0,7,60.58333333333335,106583.50983509223,9,0.9916199241884003,0.1727460840999798,"Segment: old_high_income, price sensitivity: 0.40; Competitor price adjustment: 0.40; Final price calculated: 1.40; Estimated profit margin: 0.86"
0,8,60.666666666666686,107551.90667238175,9,0.9302234843253953,0.1668659720736499,"Segment: old_high_income, price sensitivity: 0.40; Competitor price adjustment: 0.37; Final price calculated: 1.37; Estimated profit margin: 0.83"
0,9,60.75000000000002,110355.53700769534,9,1.155976215718764,0.1821225602498058,"Segment: old_high_income, price sensitivity: 0.40; Competitor price adjustment: 0.46; Final price calculated: 1.46; Estimated profit margin: 0.91"
0,10,60.83333333333336,111191.2855309792,9,1.1701731348878326,0.18242256526004738,"Segment: old_high_income, price sensitivity: 0.40; Competitor price adjustment: 0.47; Final price calculated: 1.47; Estimated profit margin: 0.91"
0,11,60.91666666666669,112815.7785920949,9,1.1370222670481147,0.17814600277175424,"Segment: old_high_income, price sensitivity: 0.40; Competitor price adjustment: 0.45; Final price calculated: 1.45; Estimated profit margin: 0.89"
1,0,70.0,66520.7175375814,10,1.0168560458564522,0.2148277661309348,"Segment: old_high_income, price sensitivity: 0.40; Competitor price adjustment: 0.41; Final price calculated: 1.41; Estimated profit margin: 1.07"
1,1,70.08333333333333,67014.56698145499,10,0.9502752875844308,0.20900745602529952,"Segment: old_high_income, price sensitivity: 0.40; Competitor price adjustment: 0.38; Final price calculated: 1.38; Estimated profit margin: 1.05"
1,2,70.16666666666666,65976.89960087727,10,0.8250813417535645,0.20002960773940792,"Segment: old_high_income, price sensitivity: 0.40; Competitor price adjustment: 0.33; Final price calculated: 1.33; Estimated profit margin: 1.00"
1,3,70.24999999999999,66731.79639431399,10,0.9422823874240978,0.20865079459961383,"Segment: old_high_income, price sensitivity: 0.40; Competitor price adjustment: 0.38; Final price calculated: 1.38; Estimated profit margin: 1.04"
1,4,70.33333333333331,66695.14917398637,11,0.9867983384553107,0.21224871790243852,"Segment: old_high_income, price sensitivity: 0.40; Competitor price adjustment: 0.39; Final price calculated: 1.39; Estimated profit margin: 1.06"
1,5,70.41666666666664,68387.65238047528,12,0.8855804369419339,0.20245878257487943,"Segment: old_high_income, price sensitivity: 0.40; Competitor price adjustment: 0.35; Final price calculated: 1.35; Estimated profit margin: 1.01"
1,6,70.49999999999997,71152.25180118888,12,1.1433521289632051,0.22031591851586754,"Segment: old_high_income, price sensitivity: 0.40; Competitor price adjustment: 0.46; Final price calculated: 1.46; Estimated profit margin: 1.10"
1,7,70.5833333333333,72669.15484444452,12,1.0538826565787283,0.21164145768185377,"Segment: old_high_income, price sensitivity: 0.40; Competitor price adjustment: 0.42; Final price calculated: 1.42; Estimated profit margin: 1.06"
1,8,70.66666666666663,71216.22215603646,12,0.8321331658362998,0.19535443111086753,"Segment: old_high_income, price sensitivity: 0.40; Competitor price adjustment: 0.33; Final price calculated: 1.33; Estimated profit margin: 0.98"
1,9,70.74999999999996,70728.89440747276,12,1.0035994524252565,0.20955906178654776,"Segment: old_high_income, price sensitivity: 0.40; Competitor price adjustment: 0.40; Final price calculated: 1.40; Estimated profit margin: 1.05"
1,10,70.83333333333329,76265.17275746966,12,1.0059104782399104,0.20420766550172317,"Segment: old_high_income, price sensitivity: 0.40; Competitor price adjustment: 0.40; Final price calculated: 1.40; Estimated profit margin: 1.02"
1,11,70.91666666666661,79416.31134609549,12,1.0886263361937454,0.20767379554940413,"Segment: old_high_income, price sensitivity: 0.40; Competitor price adjustment: 0.44; Final price calculated: 1.44; Estimated profit margin: 1.04"
2,0,76.0,62153.840146244635,3,1.1957601077087663,0.23350696847045666,"Segment: old_high_income, price sensitivity: 0.40; Competitor price adjustment: 0.48; Final price calculated: 1.48; Estimated profit margin: 1.17"
2,1,76.08333333333333,61727.254730119144,3,0.8843129556403071,0.20901778172110547,"Segment: old_high_income, price sensitivity: 0.40; Competitor price adjustment: 0.35; Final price calculated: 1.35; Estimated profit margin: 1.05"
2,2,76.16666666666666,60874.49091806768,3,1.139525291668357,0.23028753241540087,"Segment: old_high_income, price sensitivity: 0.40; Competitor price adjustment: 0.46; Final price calculated: 1.46; Estimated profit margin: 1.15"
2,3,76.24999999999999,63000.82930716028,3,1.1044441969454744,0.2253547064484777,"Segment: old_high_income, price sensitivity: 0.40; Competitor price adjustment: 0.44; Final price calculated: 1.44; Estimated profit margin: 1.13"
2,4,76.33333333333331,61184.98116549783,3,0.8141734807798671,0.20394889729689156,"Segment: old_high_income, price sensitivity: 0.40; Competitor price adjustment: 0.33; Final price calculated: 1.33; Estimated profit margin: 1.02"
2,5,76.41666666666664,62272.47073069198,3,1.1650424775200665,0.23093092747091334,"Segment: old_high_income, price sensitivity: 0.40; Competitor price adjustment: 0.47; Final price calculated: 1.47; Estimated profit margin: 1.15"
2,6,76.49999999999997,62577.98216784101,4,0.9901056534978475,0.21663047011198683,"Segment: old_high_income, price sensitivity: 0.40; Competitor price adjustment: 0.40; Final price calculated: 1.40; Estimated profit margin: 1.08"
2,7,76.5833333333333,64207.1646838212,4,1.0511781560060882,0.21988708779666588,"Segment: old_high_income, price sensitivity: 0.40; Competitor price adjustment: 0.42; Final price calculated: 1.42; Estimated profit margin: 1.10"
2,8,76.66666666666663,65387.57267698317,4,1.0925570808129723,0.22201699378805465,"Segment: old_high_income, price sensitivity: 0.40; Competitor price adjustment: 0.44; Final price calculated: 1.44; Estimated profit margin: 1.11"
2,9,76.74999999999996,65843.65677097099,4,0.9481726689934961,0.2100101567485087,"Segment: old_high_income, price sensitivity: 0.40; Competitor price adjustment: 0.38; Final price calculated: 1.38; Estimated profit margin: 1.05"
2,10,76.83333333333329,68131.84405908322,4,1.010756207961527,0.21272865257783896,"Segment: old_high_income, price sensitivity: 0.40; Competitor price adjustment: 0.40; Final price calculated: 1.40; Estimated profit margin: 1.06"
2,11,76.91666666666661,69960.52614759724,4,0.8951832847007789,0.20165413662846507,"Segment: old_high_income, price sensitivity: 0.40; Competitor price adjustment: 0.36; Final price calculated: 1.36; Estimated profit margin: 1.01"
3,0,69.0,136287.31524334603,4,1.039143351954876,0.14684415291304403,"Segment: old_high_income, price sensitivity: 0.40; Competitor price adjustment: 0.42; Final price calculated: 1.42; Estimated profit margin: 0.73"
3,1,69.08333333333333,136758.9991886874,4,0.8298450931154358,0.12962860826054745,"Segment: old_high_income, price sensitivity: 0.40; Competitor price adjustment: 0.33; Final price calculated: 1.33; Estimated profit margin: 0.65"
3,2,69.16666666666666,135049.87443632437,4,0.8991603158729999,0.13688295083351562,"Segment: old_high_income, price sensitivity: 0.40; Competitor price adjustment: 0.36; Final price calculated: 1.36; Estimated profit margin: 0.68"
3,3,69.24999999999999,136371.94200352184,4,1.049235548271253,0.1475669018581784,"Segment: old_high_income, price sensitivity: 0.40; Competitor price adjustment: 0.42; Final price calculated: 1.42; Estimated profit margin: 0.74"
3,4,69.33333333333331,137045.51077634338,4,1.163599288745205,0.15604243232327303,"Segment: old_high_income, price sensitivity: 0.40; Competitor price adjustment: 0.47; Final price calculated: 1.47; Estimated profit margin: 0.78"
3,5,69.41666666666664,137858.01090217466,5,1.0354627276072834,0.14497900730640803,"Segment: old_high_income, price sensitivity: 0.40; Competitor price adjustment: 0.41; Final price calculated: 1.41; Estimated profit margin: 0.72"
3,6,69.49999999999997,142693.8185959537,5,1.129049840273822,0.14763016862595207,"Segment: old_high_income, price sensitivity: 0.40; Competitor price adjustment: 0.45; Final price calculated: 1.45; Estimated profit margin: 0.74"
3,7,69.5833333333333,144721.16505510997,5,1.0460519761552893,0.1389629930373132,"Segment: old_high_income, price sensitivity: 0.40; Competitor price adjustment: 0.42; Final price calculated: 1.42; Estimated profit margin: 0.69"
3,8,69.66666666666663,145157.41636112626,5,1.13229241083461,0.14542597650564254,"Segment: old_high_income, price sensitivity: 0.40; Competitor price adjustment: 0.45; Final price calculated: 1.45; Estimated profit margin: 0.73"
3,9,69.74999999999996,144588.39356199806,5,0.9739530034256437,0.13332784671205344,"Segment: old_high_income, price sensitivity: 0.40; Competitor price adjustment: 0.39; Final price calculated: 1.39; Estimated profit margin: 0.67"
3,10,69.83333333333329,141666.865184021,5,1.1794118875552286,0.15268608582039728,"Segment: old_high_income, price sensitivity: 0.40; Competitor price adjustment: 0.47; Final price calculated: 1.47; Estimated profit margin: 0.76"
3,11,69.91666666666661,136447.2103675073,6,0.9824212805813606,0.1421464920790015,"Segment: old_high_income, price sensitivity: 0.40; Competitor price adjustment: 0.39; Final price calculated: 1.39; Estimated profit margin: 0.71"
4,0,74.0,28029.654110702955,10,1.2143845848853994,0.31769649607554495,"Segment: old_low_income, price sensitivity: 0.60; Competitor price adjustment: 0.73; Final price calculated: 1.73; Estimated profit margin: 1.59"
4,1,74.08333333333333,27370.796287827165,10,1.0430728610881772,0.2977979470427541,"Segment: old_low_income, price sensitivity: 0.60; Competitor price adjustment: 0.63; Final price calculated: 1.63; Estimated profit margin: 1.49"
4,2,74.16666666666666,27928.09499889371,10,1.1300420033038412,0.3076769453975672,"Segment: old_low_income, price sensitivity: 0.60; Competitor price adjustment: 0.68; Final price calculated: 1.68; Estimated profit margin: 1.54"
4,3,74.24999999999999,27737.7813290937,10,0.9640850715989228,0.28795242726277703,"Segment: old_low_income, price sensitivity: 0.60; Competitor price adjustment: 0.58; Final price calculated: 1.58; Estimated profit margin: 1.44"
4,4,74.33333333333331,27874.347555243217,10,0.997894473916603,0.29187298931474914,"Segment: old_low_income, price sensitivity: 0.60; Competitor price adjustment: 0.60; Final price calculated: 1.60; Estimated profit margin: 1.46"
4,5,74.41666666666664,28008.9667558412,10,0.9764770699632102,0.289168281639744,"Segment: old_low_income, price sensitivity: 0.60; Competitor price adjustment: 0.59; Final price calculated: 1.59; Estimated profit margin: 1.45"
4,6,74.49999999999997,28072.131576585096,10,1.1387799852441223,0.3085814666527095,"Segment: old_low_income, price sensitivity: 0.60; Competitor price adjustment: 0.68; Final price calculated: 1.68; Estimated profit margin: 1.54"
4,7,74.5833333333333,28326.102736460314,10,0.9325358094404915,0.2835781943963987,"Segment: old_low_income, price sensitivity: 0.60; Competitor price adjustment: 0.56; Final price calculated: 1.56; Estimated profit margin: 1.42"
4,8,74.66666666666663,28116.9462241208,10,1.1313811927851511,0.3076487969100973,"Segment: old_low_income, price sensitivity: 0.60; Competitor price adjustment: 0.68; Final price calculated: 1.68; Estimated profit margin: 1.54"
4,9,74.74999999999996,29152.910576460883,10,1.0279677874583346,0.2942032239185393,"Segment: old_low_income, price sensitivity: 0.60; Competitor price adjustment: 0.62; Final price calculated: 1.62; Estimated profit margin: 1.47"
4,10,74.83333333333329,29299.515674260656,10,1.0569444608727692,0.29753381963047165,"Segment: old_low_income, price sensitivity: 0.60; Competitor price adjustment: 0.63; Final price calculated: 1.63; Estimated profit margin: 1.49"
4,11,74.91666666666661,29364.535470719038,10,0.8597693472772839,0.273807786202555,"Segment: old_low_income, price sensitivity: 0.60; Competitor price adjustment: 0.52; Final price calculated: 1.52; Estimated profit margin: 1.37"
